"time_stamp","product_id","quantity"
"2015-09-13 10:35:37","1863241","1"
"2015-09-13 10:37:59","1863241","1"
"2015-09-13 10:48:59","1863241","1"
"2015-09-13 14:38:01","498883","1"
"2015-09-13 14:00:16","498883","1"
"2015-09-13 14:57:36","498883","1"
"2015-09-13 14:54:50","498883","1"
"2015-09-13 12:51:40","741057","1"
"2015-09-13 13:25:09","1863241","1"
"2015-09-13 15:37:54","1863241","1"
"2015-09-13 16:05:30","498883","1"
"2015-09-13 16:06:03","498883","1"
"2015-09-13 15:52:54","498883","1"
"2015-09-13 15:26:42","498883","1"
"2015-09-13 15:52:53","498883","1"
"2015-09-13 14:36:05","1863241","1"
"2015-09-13 14:19:38","1863241","1"
"2015-09-13 15:21:50","498883","1"
"2015-09-13 15:40:57","498883","1"
"2015-09-13 15:40:45","1863241","1"
"2015-09-13 15:30:35","1863241","1"
"2015-09-13 15:08:53","498883","1"
"2015-09-13 01:48:48","1863241","1"
"2015-09-13 01:57:19","1863241","1"
"2015-09-13 01:45:11","1863241","1"
"2015-09-13 01:57:19","1863241","1"
"2015-09-13 01:48:57","1863241","1"
"2015-09-13 04:11:09","1863241","1"
"2015-09-13 01:37:23","1863241","1"
"2015-09-13 07:17:12","741057","2"
"2015-09-13 00:19:42","1863241","1"
"2015-09-13 00:11:23","1863241","1"
"2015-09-13 00:37:47","498883","1"
"2015-09-13 02:05:48","1863241","1"
"2015-09-13 00:05:58","1863241","1"
"2015-09-13 00:06:05","1863241","2"
"2015-09-13 00:01:07","1863241","1"
"2015-09-13 00:04:43","1863241","1"
"2015-09-13 00:04:52","1863241","1"
"2015-09-13 00:28:54","1863241","1"
"2015-09-13 00:09:45","1863241","1"
"2015-09-13 01:21:28","741057","1"
"2015-09-13 18:26:43","741057","3"
"2015-09-13 18:25:12","498883","1"
"2015-09-13 18:31:00","498883","1"
"2015-09-13 18:47:40","498883","1"
"2015-09-13 19:00:27","498883","1"
"2015-09-13 19:00:20","1863241","1"
"2015-09-13 18:44:08","1863241","1"
"2015-09-13 18:16:44","498883","1"
"2015-09-13 18:12:59","498883","2"
"2015-09-13 18:08:30","498883","1"
"2015-09-13 18:15:48","1863241","1"
"2015-09-13 17:59:43","1863241","1"
"2015-09-13 18:11:35","498883","1"
"2015-09-13 16:43:47","498883","1"
"2015-09-13 16:32:00","498883","1"
"2015-09-13 16:26:59","498883","1"
"2015-09-13 16:56:41","498883","1"
"2015-09-13 16:56:31","498883","1"
"2015-09-13 16:10:11","1863241","1"
"2015-09-13 16:07:20","1863241","1"
"2015-09-13 15:55:37","1863241","1"
"2015-09-13 15:59:57","1863241","1"
"2015-09-13 18:40:38","498883","1"
"2015-09-13 17:48:56","498883","1"
"2015-09-13 17:49:17","498883","1"
"2015-09-13 17:00:51","498883","1"
"2015-09-13 17:39:56","498883","1"
"2015-09-13 17:18:13","498883","1"
"2015-09-13 17:41:00","498883","1"
"2015-09-13 17:12:43","1863241","1"
"2015-09-13 19:54:17","498883","1"
"2015-09-13 19:54:19","498883","1"
"2015-09-13 20:39:56","498883","1"
"2015-09-13 21:26:40","498883","2"
"2015-09-13 21:22:50","498883","1"
"2015-09-13 21:59:34","1863241","1"
"2015-09-13 21:48:19","1863241","1"
"2015-09-13 21:40:14","498883","1"
"2015-09-13 21:57:48","1863241","1"
"2015-09-13 21:16:44","1863241","1"
"2015-09-13 19:51:13","498883","1"
"2015-09-13 19:54:17","498883","1"
"2015-09-13 19:50:28","498883","1"
"2015-09-13 20:32:59","1863241","1"
"2015-09-13 22:43:29","498883","1"
"2015-09-13 22:33:47","498883","1"
"2015-09-13 22:35:28","498883","1"
"2015-09-13 22:34:10","1863241","1"
"2015-09-13 22:34:10","1863241","1"
"2015-09-13 22:40:23","498883","1"
"2015-09-13 22:19:26","498883","1"
"2015-09-13 20:46:38","1863241","1"
"2015-09-13 20:05:29","741057","3"
"2015-09-13 20:08:37","498883","1"
"2015-09-13 20:13:51","741057","2"
"2015-09-13 21:33:31","498883","1"
"2015-09-13 21:27:24","498883","1"
"2015-09-13 21:36:46","1863241","1"
"2015-09-13 21:36:53","1863241","2"
"2015-09-13 21:44:08","1863241","1"
"2015-09-13 22:24:13","1863241","1"
"2015-09-13 22:24:03","1863241","1"
"2015-09-13 22:28:03","1863241","1"
"2015-09-13 19:44:37","498883","1"
"2015-09-13 09:45:30","1863241","1"
"2015-09-13 10:24:28","498883","1"
"2015-09-13 10:39:23","1863241","1"
"2015-09-13 10:39:21","1863241","2"
"2015-09-13 08:47:53","1863241","1"
"2015-09-13 08:47:53","1863241","1"
"2015-09-13 08:53:55","498883","1"
"2015-09-13 12:53:32","1863241","1"
"2015-09-13 12:49:22","1863241","1"
"2015-09-13 12:27:53","1863241","1"
"2015-09-13 12:42:35","1863241","2"
"2015-09-13 11:17:04","741057","1"
"2015-09-13 11:13:53","741057","1"
"2015-09-13 10:10:13","498883","1"
"2015-09-13 09:06:29","1863241","1"
"2015-09-13 23:55:53","1863241","1"
"2015-09-13 23:36:05","498883","1"
"2015-09-13 23:06:42","498883","1"
"2015-09-13 23:53:31","498883","1"
"2015-09-13 23:17:58","498883","1"
"2015-09-13 23:17:14","498883","1"
"2015-09-13 23:45:55","1863241","1"
"2015-09-13 23:17:01","498883","1"
"2015-09-13 23:49:22","1863241","1"
"2015-09-13 14:29:36","1863241","1"
"2015-09-13 14:15:58","1863241","1"
"2015-09-13 14:27:17","498883","1"
"2015-09-13 14:27:04","498883","1"
"2015-09-13 14:25:08","498883","1"
"2015-09-13 14:10:05","498883","1"
"2015-09-13 23:25:11","498883","1"
"2015-09-13 23:23:54","498883","1"
"2015-09-13 23:14:32","1863241","1"
"2015-09-13 22:13:09","1863241","1"
"2015-09-13 22:00:14","1863241","1"
"2015-09-13 21:33:33","1863241","1"
"2015-09-13 23:57:45","498883","1"
"2015-09-13 23:55:50","498883","1"
"2015-09-13 23:23:01","498883","1"
"2015-09-13 23:49:30","1863241","1"
"2015-09-13 23:41:19","1863241","1"
"2015-09-13 23:35:08","1863241","1"
"2015-09-13 22:58:46","1863241","1"
"2015-09-13 00:02:58","1863241","1"
"2015-09-13 00:07:59","1863241","1"
"2015-09-13 00:07:49","1863241","1"
"2015-09-13 19:15:18","498883","1"
"2015-09-13 19:19:44","498883","1"
"2015-09-13 19:17:31","498883","1"
"2015-09-13 19:16:39","498883","1"
"2015-09-13 19:21:45","1863241","1"
"2015-09-13 19:19:09","1863241","1"
"2015-09-13 18:43:37","1863241","1"
"2015-09-13 19:21:35","1863241","2"
"2015-09-13 19:57:23","498883","1"
"2015-09-13 19:53:14","498883","1"
"2015-09-13 19:26:45","498883","1"
"2015-09-13 20:19:15","741057","2"
"2015-09-13 20:18:32","741057","4"
"2015-09-13 20:18:16","741057","2"
"2015-09-13 10:48:48","1863241","1"
"2015-09-13 10:54:39","1863241","1"
"2015-09-13 10:45:48","1863241","1"
"2015-09-13 10:47:13","1863241","1"
"2015-09-13 10:54:23","741057","1"
"2015-09-13 10:30:04","1863241","1"
"2015-09-13 10:48:09","1863241","1"
"2015-09-13 10:46:00","498883","1"
"2015-09-13 10:44:42","498883","1"
"2015-09-13 10:51:03","1863241","1"
"2015-09-13 10:47:03","1863241","1"
"2015-09-13 10:48:47","1863241","1"
"2015-09-13 10:54:00","498883","1"
"2015-09-13 10:15:43","498883","1"
"2015-09-13 10:47:37","1863241","1"
"2015-09-13 11:00:30","1863241","1"
"2015-09-13 11:38:15","1863241","2"
"2015-09-13 11:40:59","1863241","1"
"2015-09-13 11:27:27","1863241","1"
"2015-09-13 11:27:50","1863241","1"
"2015-09-13 11:31:03","1863241","1"
"2015-09-13 09:58:42","498883","1"
"2015-09-13 09:52:08","498883","1"
"2015-09-13 10:00:24","1863241","1"
"2015-09-13 10:01:42","1863241","1"
"2015-09-13 08:57:29","741057","1"
"2015-09-13 08:44:27","498883","1"
"2015-09-13 08:39:54","498883","1"
"2015-09-13 08:58:51","498883","1"
"2015-09-13 08:50:59","1863241","1"
"2015-09-13 08:57:13","1863241","1"
"2015-09-13 11:55:16","498883","1"
"2015-09-13 11:56:34","498883","1"
"2015-09-13 11:57:59","1863241","1"
"2015-09-13 11:57:33","1863241","1"
"2015-09-13 11:51:32","1863241","1"
"2015-09-13 11:56:58","1863241","1"
"2015-09-13 12:02:42","1863241","1"
"2015-09-13 12:50:50","741057","1"
"2015-09-13 12:50:27","741057","1"
"2015-09-13 12:04:12","1863241","1"
"2015-09-13 12:41:23","1863241","1"
"2015-09-13 12:48:59","1863241","1"
"2015-09-13 12:45:18","741057","2"
"2015-09-13 12:49:39","1863241","1"
"2015-09-13 12:52:38","1863241","1"
"2015-09-13 12:46:29","1863241","1"
"2015-09-13 12:34:14","1863241","1"
"2015-09-13 12:32:26","1863241","1"
"2015-09-13 12:22:02","498883","1"
"2015-09-13 12:26:09","1863241","1"
"2015-09-13 12:20:44","1863241","1"
"2015-09-13 12:18:08","1863241","1"
"2015-09-13 12:28:26","498883","1"
"2015-09-13 12:15:52","1863241","1"
"2015-09-13 12:15:08","1863241","1"
"2015-09-13 12:40:25","1863241","1"
"2015-09-13 12:37:48","1863241","1"
"2015-09-13 12:43:56","498883","1"
"2015-09-13 12:32:41","498883","1"
"2015-09-13 12:19:26","498883","1"
"2015-09-13 12:15:56","498883","1"
"2015-09-13 12:35:01","498883","1"
"2015-09-13 12:34:36","1863241","1"
"2015-09-13 12:02:32","1863241","1"
"2015-09-13 12:34:07","1863241","1"
"2015-09-13 12:36:48","741057","1"
"2015-09-13 12:43:23","741057","1"
"2015-09-13 12:12:22","1863241","1"
"2015-09-13 10:55:32","1863241","1"
"2015-09-13 12:07:55","741057","1"
"2015-09-13 12:09:25","1863241","1"
"2015-09-13 12:09:25","1863241","1"
"2015-09-13 12:13:54","1863241","1"
"2015-09-13 11:27:50","1863241","1"
"2015-09-13 11:58:43","1863241","1"
"2015-09-13 11:52:30","498883","1"
"2015-09-13 11:59:15","1863241","1"
"2015-09-13 12:04:45","1863241","1"
"2015-09-13 12:04:04","1863241","1"
"2015-09-13 11:58:05","1863241","1"
"2015-09-13 09:39:43","498883","1"
"2015-09-13 09:37:25","1863241","1"
"2015-09-13 09:37:19","1863241","1"
"2015-09-13 09:20:27","1863241","1"
"2015-09-13 11:08:50","498883","1"
"2015-09-13 11:18:17","1863241","1"
"2015-09-13 11:18:31","1863241","1"
"2015-09-13 11:17:22","1863241","1"
"2015-09-13 11:18:31","1863241","1"
"2015-09-13 11:17:54","1863241","1"
"2015-09-13 11:13:52","1863241","1"
"2015-09-13 11:21:58","1863241","1"
"2015-09-13 09:50:31","1863241","1"
"2015-09-13 10:14:37","1863241","1"
"2015-09-13 10:09:49","1863241","1"
"2015-09-13 10:13:32","741057","1"
"2015-09-13 09:06:40","1863241","1"
"2015-09-13 11:18:52","1863241","1"
"2015-09-13 11:29:18","498883","1"
"2015-09-13 11:12:08","498883","1"
"2015-09-13 11:25:08","1863241","2"
"2015-09-13 11:24:56","1863241","1"
"2015-09-13 02:02:33","1863241","1"
"2015-09-13 02:02:38","1863241","1"
"2015-09-13 02:00:04","1863241","1"
"2015-09-13 02:00:06","1863241","1"
"2015-09-13 03:28:30","1863241","1"
"2015-09-13 02:47:28","1863241","1"
"2015-09-13 03:53:42","1863241","1"
"2015-09-13 02:51:43","1863241","1"
"2015-09-13 03:58:07","741057","1"
"2015-09-13 04:09:00","741057","1"
"2015-09-13 04:52:34","1863241","1"
"2015-09-13 04:36:19","1863241","2"
"2015-09-13 00:00:35","1863241","1"
"2015-09-13 01:23:44","741057","1"
"2015-09-13 01:32:58","1863241","1"
"2015-09-13 01:31:36","1863241","1"
"2015-09-13 01:33:39","498883","1"
"2015-09-13 01:02:00","498883","1"
"2015-09-13 09:44:59","1863241","1"
"2015-09-13 09:53:25","1863241","1"
"2015-09-13 09:48:43","1863241","1"
"2015-09-13 09:43:57","1863241","1"
"2015-09-13 09:47:27","1863241","1"
"2015-09-13 10:22:08","1863241","1"
"2015-09-13 09:49:26","498883","1"
"2015-09-13 09:19:39","1863241","1"
"2015-09-13 09:22:48","1863241","1"
"2015-09-13 09:22:48","1863241","1"
"2015-09-13 09:17:36","1863241","1"
"2015-09-13 09:16:29","1863241","2"
"2015-09-13 09:16:49","1863241","1"
"2015-09-13 09:17:16","741057","5"
"2015-09-13 08:56:29","741057","4"
"2015-09-13 10:44:58","1863241","1"
"2015-09-13 10:44:58","1863241","1"
"2015-09-13 10:40:50","1863241","1"
"2015-09-13 10:25:11","1863241","1"
"2015-09-13 10:39:01","498883","1"
"2015-09-13 10:43:24","1863241","1"
"2015-09-13 10:36:22","498883","1"
"2015-09-13 10:25:32","1863241","1"
"2015-09-13 10:25:52","1863241","1"
"2015-09-13 10:41:57","1863241","1"
"2015-09-13 08:47:29","498883","1"
"2015-09-13 08:35:40","498883","1"
"2015-09-13 08:35:10","498883","1"
"2015-09-13 08:49:33","1863241","1"
"2015-09-13 08:50:52","498883","1"
"2015-09-13 08:53:05","1863241","1"
"2015-09-13 08:53:05","1863241","1"
"2015-09-13 08:48:13","741057","2"
"2015-09-13 08:47:34","498883","1"
"2015-09-13 11:41:42","1863241","1"
"2015-09-13 11:52:47","1863241","1"
"2015-09-13 11:46:18","1863241","1"
"2015-09-13 11:47:32","1863241","2"
"2015-09-13 11:45:35","1863241","1"
"2015-09-13 11:42:54","1863241","2"
"2015-09-13 11:31:16","1863241","1"
"2015-09-13 11:12:46","1863241","1"
"2015-09-13 11:12:16","1863241","2"
"2015-09-13 11:11:44","1863241","1"
"2015-09-13 15:03:22","1863241","1"
"2015-09-13 15:03:20","1863241","1"
"2015-09-13 15:02:14","1863241","1"
"2015-09-13 15:45:48","1863241","1"
"2015-09-13 15:49:01","1863241","1"
"2015-09-13 15:44:57","1863241","1"
"2015-09-13 15:41:54","1863241","1"
"2015-09-13 15:51:13","498883","1"
"2015-09-13 15:47:30","498883","1"
"2015-09-13 15:50:15","498883","1"
"2015-09-13 15:44:56","498883","1"
"2015-09-13 15:36:29","498883","1"
"2015-09-13 15:41:34","498883","1"
"2015-09-13 15:26:45","1863241","2"
"2015-09-13 14:04:37","1863241","1"
"2015-09-13 13:58:49","1863241","2"
"2015-09-13 15:26:42","1863241","1"
"2015-09-13 15:48:26","1863241","1"
"2015-09-13 15:07:23","498883","1"
"2015-09-13 15:12:44","1863241","1"
"2015-09-13 14:31:46","1863241","1"
"2015-09-13 14:18:46","1863241","1"
"2015-09-13 15:15:26","741057","4"
"2015-09-13 15:10:15","741057","4"
"2015-09-13 15:18:26","1863241","1"
"2015-09-13 15:19:34","1863241","1"
"2015-09-13 15:20:38","498883","1"
"2015-09-13 15:04:34","498883","1"
"2015-09-13 12:57:04","741057","1"
"2015-09-13 12:37:59","1863241","1"
"2015-09-13 12:56:34","498883","1"
"2015-09-13 12:29:03","498883","1"
"2015-09-13 12:52:50","1863241","1"
"2015-09-13 12:55:25","1863241","1"
"2015-09-13 13:23:26","498883","1"
"2015-09-13 13:40:41","498883","1"
"2015-09-13 13:45:07","1863241","1"
"2015-09-13 13:45:13","1863241","1"
"2015-09-13 13:34:51","741057","5"
"2015-09-13 13:52:58","1863241","1"
"2015-09-13 13:51:37","1863241","1"
"2015-09-13 13:27:55","498883","1"
"2015-09-13 13:25:31","498883","1"
"2015-09-13 13:21:45","498883","1"
"2015-09-13 13:32:41","1863241","1"
"2015-09-13 13:11:55","498883","1"
"2015-09-13 13:12:32","498883","1"
"2015-09-13 13:24:22","498883","1"
"2015-09-13 13:26:37","498883","1"
"2015-09-13 13:09:25","498883","1"
"2015-09-13 11:57:32","498883","1"
"2015-09-13 12:25:50","498883","1"
"2015-09-13 13:33:42","741057","1"
"2015-09-13 13:21:09","741057","1"
"2015-09-13 15:39:50","1863241","2"
"2015-09-13 14:43:33","1863241","1"
"2015-09-13 15:40:39","1863241","1"
"2015-09-13 15:39:45","1863241","1"
"2015-09-13 15:35:33","1863241","1"
"2015-09-13 15:45:35","741057","2"
"2015-09-13 14:55:31","1863241","2"
"2015-09-13 14:54:53","1863241","1"
"2015-09-13 14:42:34","498883","1"
"2015-09-13 14:55:06","498883","1"
"2015-09-13 14:44:05","498883","1"
"2015-09-13 15:00:06","1863241","1"
"2015-09-13 15:03:12","498883","1"
"2015-09-13 15:53:42","1863241","1"
"2015-09-13 14:13:50","498883","1"
"2015-09-13 14:09:52","1863241","1"
"2015-09-13 13:58:52","1863241","1"
"2015-09-13 13:58:45","1863241","1"
"2015-09-13 14:01:41","1863241","1"
"2015-09-13 14:00:50","1863241","1"
"2015-09-13 14:05:14","1863241","1"
"2015-09-13 14:02:54","1863241","2"
"2015-09-13 14:04:56","498883","1"
"2015-09-13 14:00:34","498883","1"
"2015-09-13 13:17:42","1863241","1"
"2015-09-13 13:04:40","1863241","1"
"2015-09-13 13:43:04","741057","1"
"2015-09-13 13:39:31","741057","1"
"2015-09-13 14:01:21","498883","1"
"2015-09-13 13:46:57","1863241","2"
"2015-09-13 13:44:36","1863241","1"
"2015-09-13 13:56:33","1863241","1"
"2015-09-13 14:26:55","741057","3"
"2015-09-13 14:28:18","498883","1"
"2015-09-13 14:37:21","498883","1"
"2015-09-13 14:39:07","498883","1"
"2015-09-13 14:31:52","498883","1"
"2015-09-13 15:34:35","1863241","1"
"2015-09-13 15:33:08","1863241","1"
"2015-09-13 15:31:09","498883","1"
"2015-09-13 15:28:07","498883","1"
"2015-09-13 15:33:56","498883","1"
"2015-09-13 15:01:16","498883","1"
"2015-09-13 15:21:50","741057","1"
"2015-09-13 15:30:45","1863241","1"
"2015-09-13 15:24:04","1863241","1"
"2015-09-13 10:53:37","498883","1"
"2015-09-13 12:15:55","1863241","1"
"2015-09-13 12:15:55","1863241","1"
"2015-09-13 12:10:05","1863241","1"
"2015-09-13 12:06:08","1863241","1"
"2015-09-13 12:20:46","1863241","1"
"2015-09-13 12:13:01","498883","1"
"2015-09-13 17:15:50","498883","1"
"2015-09-13 17:23:34","1863241","2"
"2015-09-13 17:23:13","1863241","1"
"2015-09-13 17:19:44","498883","1"
"2015-09-13 17:08:47","498883","1"
"2015-09-13 14:20:34","1863241","1"
"2015-09-13 14:20:46","1863241","1"
"2015-09-13 14:09:40","1863241","1"
"2015-09-13 14:08:32","1863241","1"
"2015-09-13 13:38:11","1863241","1"
"2015-09-13 13:37:30","1863241","1"
"2015-09-13 13:38:26","498883","1"
"2015-09-13 13:39:33","1863241","1"
"2015-09-13 13:39:42","1863241","1"
"2015-09-13 13:35:43","741057","1"
"2015-09-13 13:34:04","498883","1"
"2015-09-13 13:55:34","498883","1"
"2015-09-13 14:14:43","1863241","1"
"2015-09-13 13:05:45","1863241","1"
"2015-09-13 13:11:35","498883","1"
"2015-09-13 13:09:40","498883","1"
"2015-09-13 12:39:52","498883","1"
"2015-09-13 13:05:33","741057","1"
"2015-09-13 13:01:40","741057","1"
"2015-09-13 13:01:40","741057","1"
"2015-09-13 13:09:37","498883","1"
"2015-09-13 13:22:00","1863241","2"
"2015-09-13 13:22:21","1863241","1"
"2015-09-13 13:22:22","1863241","1"
"2015-09-13 14:57:22","498883","1"
"2015-09-13 15:11:58","498883","1"
"2015-09-13 15:02:43","1863241","1"
"2015-09-13 15:02:43","1863241","1"
"2015-09-13 18:25:27","1863241","1"
"2015-09-13 18:03:18","1863241","1"
"2015-09-13 18:05:22","1863241","1"
"2015-09-13 18:05:21","1863241","1"
"2015-09-13 18:46:13","498883","1"
"2015-09-13 18:37:29","498883","1"
"2015-09-13 18:26:24","498883","1"
"2015-09-13 18:42:48","498883","1"
"2015-09-13 18:48:00","498883","1"
"2015-09-13 19:01:37","1863241","2"
"2015-09-13 19:03:02","1863241","1"
"2015-09-13 19:03:02","1863241","1"
"2015-09-13 19:06:36","1863241","1"
"2015-09-13 19:08:42","1863241","1"
"2015-09-13 19:03:34","1863241","1"
"2015-09-13 19:02:56","1863241","1"
"2015-09-13 18:48:47","1863241","2"
"2015-09-13 18:58:34","1863241","1"
"2015-09-13 18:17:40","1863241","1"
"2015-09-13 17:59:58","741057","1"
"2015-09-13 18:21:14","741057","1"
"2015-09-13 18:17:37","498883","1"
"2015-09-13 17:34:43","741057","5"
"2015-09-13 17:24:00","741057","5"
"2015-09-13 17:36:11","741057","10"
"2015-09-13 18:06:57","1863241","1"
"2015-09-13 18:09:36","1863241","1"
"2015-09-13 18:09:51","498883","1"
"2015-09-13 17:42:51","1863241","1"
"2015-09-13 18:09:10","1863241","1"
"2015-09-13 18:08:40","498883","1"
"2015-09-13 16:39:55","741057","1"
"2015-09-13 16:39:13","741057","1"
"2015-09-13 16:35:46","1863241","1"
"2015-09-13 16:32:18","1863241","1"
"2015-09-13 16:34:19","498883","1"
"2015-09-13 16:38:11","1863241","1"
"2015-09-13 16:16:43","1863241","1"
"2015-09-13 16:59:16","498883","1"
"2015-09-13 16:47:49","498883","1"
"2015-09-13 16:58:14","1863241","1"
"2015-09-13 16:46:03","1863241","1"
"2015-09-13 18:04:53","1863241","1"
"2015-09-13 18:02:57","498883","2"
"2015-09-13 18:02:46","498883","1"
"2015-09-13 16:36:43","1863241","1"
"2015-09-13 17:42:14","1863241","1"
"2015-09-13 16:49:07","1863241","1"
"2015-09-13 16:52:53","1863241","1"
"2015-09-13 15:40:40","498883","1"
"2015-09-13 16:49:15","1863241","1"
"2015-09-13 16:49:19","1863241","1"
"2015-09-13 16:53:53","498883","1"
"2015-09-13 16:48:37","741057","1"
"2015-09-13 16:49:05","741057","2"
"2015-09-13 16:42:36","741057","1"
"2015-09-13 16:41:20","498883","1"
"2015-09-13 16:47:04","498883","2"
"2015-09-13 16:05:54","1863241","1"
"2015-09-13 17:05:59","1863241","1"
"2015-09-13 17:08:01","1863241","1"
"2015-09-13 16:23:24","1863241","1"
"2015-09-13 16:26:16","1863241","1"
"2015-09-13 16:26:16","1863241","1"
"2015-09-13 16:28:20","1863241","1"
"2015-09-13 16:32:19","1863241","2"
"2015-09-13 16:29:28","1863241","1"
"2015-09-13 17:58:34","498883","1"
"2015-09-13 18:38:36","1863241","1"
"2015-09-13 18:35:44","1863241","1"
"2015-09-13 18:36:05","1863241","2"
"2015-09-13 18:21:01","1863241","1"
"2015-09-13 18:14:35","498883","1"
"2015-09-13 18:42:35","741057","5"
"2015-09-13 18:42:44","498883","1"
"2015-09-13 18:42:58","498883","1"
"2015-09-13 18:38:34","498883","1"
"2015-09-13 18:38:03","498883","1"
"2015-09-13 18:34:03","498883","1"
"2015-09-13 17:33:37","498883","1"
"2015-09-13 17:39:08","498883","1"
"2015-09-13 17:29:49","498883","1"
"2015-09-13 17:30:11","498883","1"
"2015-09-13 17:20:45","498883","1"
"2015-09-13 17:40:53","1863241","2"
"2015-09-13 17:46:57","498883","1"
"2015-09-13 17:39:07","1863241","1"
"2015-09-13 17:39:39","1863241","1"
"2015-09-13 17:41:01","498883","1"
"2015-09-13 17:37:56","498883","1"
"2015-09-13 17:34:08","498883","1"
"2015-09-13 17:33:38","498883","1"
"2015-09-13 16:20:23","1863241","1"
"2015-09-13 16:15:08","1863241","1"
"2015-09-13 16:23:56","1863241","1"
"2015-09-13 15:43:14","1863241","1"
"2015-09-13 16:18:41","1863241","1"
"2015-09-13 16:08:56","1863241","1"
"2015-09-13 16:16:46","498883","1"
"2015-09-13 16:12:44","498883","1"
"2015-09-13 16:18:31","1863241","1"
"2015-09-13 16:13:04","1863241","1"
"2015-09-13 17:10:23","498883","1"
"2015-09-13 21:43:27","498883","1"
"2015-09-13 21:54:11","741057","1"
"2015-09-13 21:50:25","1863241","1"
"2015-09-13 21:51:57","1863241","1"
"2015-09-13 22:18:28","1863241","1"
"2015-09-13 22:22:57","1863241","1"
"2015-09-13 22:14:31","1863241","1"
"2015-09-13 22:12:56","498883","1"
"2015-09-13 22:11:07","498883","1"
"2015-09-13 22:11:07","498883","1"
"2015-09-13 22:14:39","498883","1"
"2015-09-13 21:03:04","498883","1"
"2015-09-13 22:16:34","1863241","1"
"2015-09-13 22:33:29","498883","1"
"2015-09-13 21:54:54","498883","1"
"2015-09-13 21:54:42","498883","1"
"2015-09-13 20:57:29","498883","1"
"2015-09-13 22:15:29","1863241","1"
"2015-09-13 22:07:07","498883","1"
"2015-09-13 22:27:54","498883","1"
"2015-09-13 19:52:11","498883","1"
"2015-09-13 18:26:02","1863241","1"
"2015-09-13 18:33:08","1863241","1"
"2015-09-13 18:26:07","741057","1"
"2015-09-13 19:27:58","1863241","1"
"2015-09-13 19:30:24","1863241","1"
"2015-09-13 19:33:07","1863241","1"
"2015-09-13 18:44:44","741057","2"
"2015-09-13 18:51:03","498883","1"
"2015-09-13 18:52:31","498883","1"
"2015-09-13 18:48:55","1863241","1"
"2015-09-13 20:22:51","1863241","1"
"2015-09-13 20:22:28","1863241","1"
"2015-09-13 20:23:52","1863241","1"
"2015-09-13 20:21:15","1863241","1"
"2015-09-13 20:18:22","1863241","1"
"2015-09-13 20:05:43","498883","1"
"2015-09-13 20:04:09","498883","1"
"2015-09-13 20:17:38","498883","1"
"2015-09-13 19:34:30","498883","1"
"2015-09-13 20:18:33","741057","1"
"2015-09-13 20:16:22","741057","1"
"2015-09-13 20:38:00","498883","1"
"2015-09-13 21:05:53","498883","1"
"2015-09-13 20:58:55","1863241","1"
"2015-09-13 20:59:56","1863241","1"
"2015-09-13 21:10:30","1863241","1"
"2015-09-13 21:05:17","1863241","1"
"2015-09-13 21:06:13","741057","1"
"2015-09-13 20:50:14","741057","1"
"2015-09-13 21:09:50","498883","1"
"2015-09-13 22:11:18","1863241","1"
"2015-09-13 21:55:41","498883","1"
"2015-09-13 21:40:55","498883","1"
"2015-09-13 22:04:19","498883","1"
"2015-09-13 22:08:06","1863241","1"
"2015-09-13 20:55:04","1863241","1"
"2015-09-13 21:27:46","1863241","1"
"2015-09-13 21:32:04","1863241","1"
"2015-09-13 21:31:37","1863241","1"
"2015-09-13 21:46:22","498883","1"
"2015-09-13 21:20:44","1863241","1"
"2015-09-13 21:34:17","1863241","2"
"2015-09-13 21:34:17","1863241","2"
"2015-09-13 21:55:11","741057","1"
"2015-09-13 21:47:24","498883","1"
"2015-09-13 19:15:20","1863241","1"
"2015-09-13 19:26:56","1863241","1"
"2015-09-13 19:35:46","498883","1"
"2015-09-13 19:27:36","498883","1"
"2015-09-13 19:29:26","498883","1"
"2015-09-13 19:14:53","498883","1"
"2015-09-13 19:01:35","498883","1"
"2015-09-13 19:05:59","741057","1"
"2015-09-13 19:07:27","741057","2"
"2015-09-13 19:00:51","498883","1"
"2015-09-13 19:03:16","498883","2"
"2015-09-13 19:32:14","498883","1"
"2015-09-13 19:01:25","498883","1"
"2015-09-13 19:14:58","498883","1"
"2015-09-13 19:10:02","498883","1"
"2015-09-13 19:33:19","1863241","1"
"2015-09-13 21:21:44","498883","1"
"2015-09-13 21:02:09","498883","1"
"2015-09-13 21:15:13","498883","1"
"2015-09-13 20:32:52","741057","1"
"2015-09-13 20:33:28","741057","1"
"2015-09-13 20:36:42","1863241","1"
"2015-09-13 20:41:13","1863241","1"
"2015-09-13 20:40:15","1863241","1"
"2015-09-13 20:30:06","1863241","1"
"2015-09-13 20:40:31","1863241","2"
"2015-09-13 20:40:31","1863241","1"
"2015-09-13 20:30:52","741057","1"
"2015-09-13 20:19:57","1863241","1"
"2015-09-13 20:35:10","1863241","1"
"2015-09-13 20:28:03","1863241","1"
"2015-09-13 20:24:17","741057","2"
"2015-09-13 20:27:25","498883","1"
"2015-09-13 20:34:39","1863241","1"
"2015-09-13 20:33:07","1863241","1"
"2015-09-13 20:31:34","498883","1"
"2015-09-13 20:29:44","1863241","1"
"2015-09-13 20:00:46","1863241","1"
"2015-09-13 20:32:06","498883","1"
"2015-09-13 19:49:18","1863241","1"
"2015-09-13 22:15:14","741057","1"
"2015-09-13 22:38:18","741057","2"
"2015-09-13 22:41:47","1863241","1"
"2015-09-13 22:23:23","498883","1"
"2015-09-13 22:43:57","741057","1"
"2015-09-13 20:55:17","1863241","1"
"2015-09-13 20:48:28","1863241","1"
"2015-09-13 20:45:46","1863241","1"
"2015-09-13 21:03:00","1863241","1"
"2015-09-13 20:41:29","1863241","1"
"2015-09-13 21:01:19","498883","1"
"2015-09-13 20:49:32","1863241","1"
"2015-09-13 19:31:21","1863241","1"
"2015-09-13 20:49:08","1863241","1"
"2015-09-13 20:45:08","498883","1"
"2015-09-13 20:49:57","741057","1"
"2015-09-13 20:43:34","498883","1"
"2015-09-13 20:47:50","1863241","1"
"2015-09-13 20:43:31","498883","1"
"2015-09-13 20:45:30","498883","1"
"2015-09-13 20:52:24","498883","1"
"2015-09-13 20:52:00","498883","1"
"2015-09-13 20:36:37","1863241","1"
"2015-09-13 20:49:41","1863241","1"
"2015-09-13 20:05:08","498883","1"
"2015-09-13 20:12:04","1863241","1"
"2015-09-13 20:50:27","498883","1"
"2015-09-13 21:33:32","498883","1"
"2015-09-13 21:17:44","498883","1"
"2015-09-13 21:17:25","1863241","1"
"2015-09-13 21:33:47","498883","1"
"2015-09-13 21:12:10","498883","1"
"2015-09-13 21:15:55","1863241","1"
"2015-09-13 21:09:02","1863241","1"
"2015-09-13 21:44:44","1863241","1"
"2015-09-13 23:54:30","1863241","1"
"2015-09-13 23:31:41","1863241","1"
"2015-09-13 23:55:18","498883","1"
"2015-09-13 23:50:15","1863241","1"
"2015-09-13 22:55:59","741057","1"
"2015-09-13 23:02:01","1863241","1"
"2015-09-13 22:54:25","1863241","1"
"2015-09-13 22:28:18","498883","1"
"2015-09-13 22:47:31","498883","1"
"2015-09-13 22:46:43","498883","1"
"2015-09-13 22:10:26","498883","1"
"2015-09-13 22:40:39","498883","1"
"2015-09-13 22:47:49","741057","3"
"2015-09-13 22:45:50","1863241","1"
"2015-09-13 23:11:18","1863241","1"
"2015-09-13 23:11:16","1863241","1"
"2015-09-13 23:12:30","1863241","1"
"2015-09-13 23:09:18","1863241","1"
"2015-09-13 23:06:08","1863241","1"
"2015-09-13 22:58:27","498883","1"
"2015-09-13 22:36:44","498883","1"
"2015-09-13 23:09:53","498883","1"
"2015-09-13 22:47:12","498883","1"
"2015-09-13 23:07:07","498883","1"
"2015-09-13 22:38:47","498883","1"
"2015-09-13 19:43:06","741057","1"
"2015-09-13 20:07:02","1863241","1"
"2015-09-13 00:59:10","1863241","1"
"2015-09-13 00:57:34","1863241","1"
"2015-09-13 01:43:46","1863241","1"
"2015-09-13 07:29:01","1863241","1"
"2015-09-13 07:39:58","1863241","1"
"2015-09-13 07:46:21","498883","1"
"2015-09-13 08:12:49","1863241","1"
"2015-09-13 08:13:00","1863241","2"
"2015-09-13 08:04:55","1863241","1"
"2015-09-13 07:52:07","1863241","1"
"2015-09-13 08:00:33","1863241","1"
"2015-09-13 08:34:31","1863241","1"
"2015-09-13 02:56:34","1863241","1"
"2015-09-13 03:05:19","1863241","1"
"2015-09-13 03:11:31","741057","1"
"2015-09-13 03:09:54","1863241","1"
"2015-09-13 03:41:15","498883","1"
"2015-09-13 03:02:39","1863241","1"
"2015-09-13 02:38:08","1863241","1"
"2015-09-13 02:20:45","1863241","1"
"2015-09-13 02:43:40","1863241","3"
"2015-09-13 05:14:44","1863241","1"
"2015-09-13 05:14:00","1863241","1"
"2015-09-13 05:17:40","1863241","1"
"2015-09-13 05:22:00","1863241","1"
"2015-09-13 00:38:23","1863241","1"
"2015-09-13 00:32:38","1863241","1"
"2015-09-13 00:41:45","1863241","1"
"2015-09-13 00:35:55","498883","1"
"2015-09-13 00:34:03","498883","1"
"2015-09-13 00:22:27","498883","1"
"2015-09-13 00:44:00","741057","1"
"2015-09-13 03:18:23","1863241","1"
"2015-09-13 02:33:36","1863241","1"
"2015-09-13 03:12:31","498883","1"
"2015-09-13 03:15:08","498883","1"
"2015-09-13 01:45:39","1863241","1"
"2015-09-13 02:28:32","498883","1"
"2015-09-13 00:16:01","498883","1"
"2015-09-13 00:22:24","1863241","2"
"2015-09-13 00:24:18","741057","1"
"2015-09-13 00:24:26","741057","1"
"2015-09-13 00:25:04","741057","1"
"2015-09-13 00:24:22","741057","1"
"2015-09-13 03:42:07","498883","1"
"2015-09-13 00:49:52","1863241","1"
"2015-09-13 00:40:44","1863241","1"
"2015-09-13 00:22:47","1863241","1"
"2015-09-13 00:48:49","1863241","1"
"2015-09-13 03:56:58","1863241","1"
"2015-09-13 05:08:46","498883","1"
"2015-09-13 01:21:13","1863241","1"
"2015-09-13 01:42:31","1863241","1"
"2015-09-13 00:37:57","498883","1"
"2015-09-13 01:03:37","1863241","1"
"2015-09-13 01:03:47","1863241","2"
"2015-09-13 01:09:44","1863241","1"
"2015-09-13 08:11:48","498883","1"
"2015-09-13 07:25:23","741057","1"
"2015-09-13 01:15:53","498883","1"
"2015-09-13 01:22:04","1863241","1"
"2015-09-13 01:11:27","1863241","1"
"2015-09-13 01:15:29","1863241","1"
"2015-09-13 01:20:07","1863241","1"
"2015-09-13 01:20:07","1863241","1"
"2015-09-13 01:07:46","1863241","1"
"2015-09-13 01:07:55","1863241","1"
"2015-09-13 01:52:01","498883","1"
"2015-09-13 01:17:13","498883","1"
"2015-09-13 02:26:15","498883","1"
"2015-09-13 01:59:51","1863241","1"
"2015-09-13 02:25:06","1863241","1"
"2015-09-13 02:32:17","741057","1"
"2015-09-13 02:30:09","741057","1"
"2015-09-13 02:30:54","741057","1"
"2015-09-13 07:56:59","1863241","1"
"2015-09-13 07:28:13","1863241","1"
"2015-09-13 00:43:13","1863241","1"
"2015-09-13 00:43:52","1863241","1"
"2015-09-13 01:27:44","1863241","1"
"2015-09-13 02:02:14","1863241","1"
"2015-09-13 02:05:25","1863241","1"
"2015-09-13 02:05:18","1863241","1"
"2015-09-13 01:57:15","1863241","1"
"2015-09-13 01:51:03","1863241","1"
"2015-09-13 01:39:48","1863241","1"
"2015-09-13 01:18:11","1863241","1"
"2015-09-13 00:45:59","1863241","1"
"2015-09-13 02:23:21","1863241","1"
"2015-09-13 02:09:50","1863241","1"
"2015-09-13 06:47:24","1863241","1"
"2015-09-13 08:28:54","1863241","1"
"2015-09-13 08:25:38","1863241","1"
"2015-09-13 08:27:51","1863241","1"
"2015-09-13 07:18:18","1863241","1"
"2015-09-13 07:19:35","1863241","1"
"2015-09-13 01:24:11","498883","1"
"2015-09-13 01:17:28","1863241","1"
"2015-09-13 01:28:38","498883","1"
"2015-09-13 01:27:52","1863241","1"
"2015-09-13 00:59:29","498883","1"
"2015-09-13 01:19:16","1863241","1"
"2015-09-13 00:13:41","1863241","1"
"2015-09-13 00:15:29","1863241","1"
"2015-09-13 00:18:15","498883","1"
"2015-09-13 00:19:02","1863241","1"
"2015-09-13 00:15:46","1863241","1"
"2015-09-13 00:23:42","1863241","1"
"2015-09-13 00:23:58","1863241","1"
"2015-09-13 00:18:18","1863241","1"
"2015-09-13 00:14:09","1863241","1"
"2015-09-13 01:00:52","1863241","1"
